Name,Description,SKU,Gender, Attribute 1,Attribute 1 Value, Attribute 2,Attribute 2 Value, Attribute 3,Attribute 3 Value,Base Image 1 ,Base Image 2,Base Image 3,Base Image 4,Base Image 5,Base Price(USD),Sale Price(USD),Quantity,Unit of Weight,Weight,Unit of Dimensions,Height,Width,Length,SEO Title,SEO Description,Vendor,Parent SKU
Snus Adventskalender 2023,"<p data-mce-fragment=""1""><span style=""color: #80ff00;""><strong data-mce-fragment=""1"">AB LAGER VERFÜGBAR!! </strong> </span></p>
<p data-mce-fragment=""1""> <strong data-mce-fragment=""1"">GRÖSSER,GÜNSTIGER<span data-mce-fragment=""1""> </span>und mehr<span data-mce-fragment=""1""> </span>INHALT!</strong><br data-mce-fragment=""1""><span data-mce-fragment=""1"">In diesem Jahr bringt dir unser Adventskalender um einiges mehr!</span><br data-mce-fragment=""1""><span data-mce-fragment=""1"">Der Adventskalender ist um einiges Grösser, Günstiger und sogar noch mehr drinnen.</span></p>
<p data-mce-fragment=""1""> </p>
<p data-mce-fragment=""1""><strong data-mce-fragment=""1"">Kurz Beschrieb:</strong></p>
<p data-mce-fragment=""1"">Dieser Kalender ist spezielle für die besinnliche Adventszeit und bietet dir jeden Tag eine andere Snusüberraschung. Das Kalenderbild zeigt dir die warme Stube, in welcher der schön geschmückte Weihnachtsbaum und viele Geschenke auf dich warten. Der Snus darf natürlich auch nicht fehlen.</p>
<p data-mce-fragment=""1"">Mit dem Kalender erhältst du:</p>
<ul data-mce-fragment=""1"">
<li data-mce-fragment=""1"">einen 24 Türchen Adventskalender</li>
<li data-mce-fragment=""1"">24 verschiedene Snussorten</li>
<li data-mce-fragment=""1"">Pro Türchen sind mind. zwei Snusbeutel</li>
<li data-mce-fragment=""1"">viel Gelächter und eine besinnliche Wärme in der Nase</li>
</ul>
<p><strong>Für unsere Umwelt</strong></p>
<p>Karton:<span> </span>99% aus Recyceltem Karton<br>Kunststoff: 90% aus <span data-mce-fragment=""1"">Recyceltem Kunststoff</span></p>
<p><strong>Umweltsiegel:</strong></p>
<p>FSC, Wälder für immer für alle und GoGreen </p>
<p>.</p>",Snus Adventskalender 2023,Unisex,,,,,,,https://cdn.shopify.com/s/files/1/0281/7546/6627/products/image_44390af0-4ecf-4c56-b696-15dc17a2df0d.jpg,,,,,49.95,,1,G,1000,IN,3,3,3,,,,
,,650,Unisex,Title,Default Title,,,,,,,,,,49.95,,1,G,1000,IN,3,3,3,,,Snus-King.ch,Snus Adventskalender 2023
Schnupf Adventskalender 2023,"<p data-mce-fragment=""1""><span style=""color: #80ff00;""><strong>AB LAGER VERFÜGBAR!! </strong></span><br></p>
<p data-mce-fragment=""1""> <strong>GRÖSSER,GÜNSTIGER und mehr INHALT!</strong></p>
<p data-mce-fragment=""1"">In diesem Jahr bringt dir unser Adventskalender um einiges mehr!<br>Der Adventskalender ist um einiges Grösser, Günstiger und sogar noch mehr drinnen.</p>
<p data-mce-fragment=""1""> </p>
<p data-mce-fragment=""1""><strong data-mce-fragment=""1"">Kurz Beschrieb:</strong></p>
<p><span>Dieser Kalender ist spezielle für die besinnliche Adventszeit und bietet dir jeden Tag eine andere Schnupfüberraschung. Das Kalenderbild zeigt dir die warme Stube, in welcher der schön geschmückte Weihnachtsbaum und viele Geschenke auf dich warten. Der Schnupf darf natürlich auch nicht fehlen.</span></p>
<p>Mit dem Kalender erhältst du:</p>
<ul>
<li>einen 24 Türchen Adventskalender</li>
<li>24 verschiedene Schnupfsorten</li>
<li>ein Schnupf sind ca. 3-4 Portionen</li>
<li>viel Gelächter und eine besinnliche Wärme in der Nase</li>
</ul>
<p><strong>Für unsere Umwelt</strong></p>
<p>Karton: 99% aus Recyceltem Karton<br>Kunststoff: 90% aus <span data-mce-fragment=""1"">Recyceltem Kunststoff</span></p>
<p><strong>Umweltsiegel:</strong></p>
<p>FSC, Wälder für immer für alle und GoGreen </p>
<p> </p>
<p>Mit diesem Kalender wollen wir die Tradition des Weihnachtsschnupfens wieder aufleben lassen, welche das Gemeinschaftsgefühl bestärken. Dieser Schnupf-Adventskalender ist speziell für die Adventszeit entworfen worden um das stressige Jahr gemütlich abschliessen zu können. Hinter jedem Türchen erwartet dich ein anderer Schnupf . Bilde mit deinen liebsten eine Gruppe und macht ein Ritual daraus und hol möglichst viele dazu.</p>
<p>Schnupft und lacht gemeinsam und geniesst die Adventszeit. Diese Momente und Erlebnisse könnt ihr täglich auf Social Media mit uns<span> </span>teilen. (snusstar.ch) Wir freuen uns über möglichst viele verschiedene Bilder und Videos.</p>
<p><strong>Für Allergiker</strong></p>
<p>Dieses Produkt kann Spuren von guter Stimmung, Gemeinschaft und Gelächter enthalten. Dieses Produkt ist vegan, laktosefrei, glutenfrei und pädagogisch sehr wertvoll.</p>
<p>Falls du auf einen dieser Inhaltsstoffe allergisch reagierst, raten ich dir dringend vom Kauf ab und schnellstmöglich einen Notarzt aufzusuchen.</p>
<p> </p>
<ul data-mce-fragment=""1""></ul>",Schnupf Adventskalender 2023,Unisex,,,,,,,https://cdn.shopify.com/s/files/1/0281/7546/6627/products/image_52085e83-a31a-4615-977e-a697c6044379.jpg,,,,,39.90,,1,G,1000,IN,3,3,3,,,,
,,651,Unisex,Title,Default Title,,,,,,,,,,39.90,,1,G,1000,IN,3,3,3,,,Snus-King.ch,Schnupf Adventskalender 2023
Snus Adventskalender 2023,"<p data-mce-fragment=""1""><span style=""color: #80ff00;""><strong data-mce-fragment=""1"">AB LAGER VERFÜGBAR!! </strong> </span></p>
<p data-mce-fragment=""1""> <strong data-mce-fragment=""1"">GRÖSSER,GÜNSTIGER<span data-mce-fragment=""1""> </span>und mehr<span data-mce-fragment=""1""> </span>INHALT!</strong><br data-mce-fragment=""1""><span data-mce-fragment=""1"">In diesem Jahr bringt dir unser Adventskalender um einiges mehr!</span><br data-mce-fragment=""1""><span data-mce-fragment=""1"">Der Adventskalender ist um einiges Grösser, Günstiger und sogar noch mehr drinnen.</span></p>
<p data-mce-fragment=""1""> </p>
<p data-mce-fragment=""1""><strong data-mce-fragment=""1"">Kurz Beschrieb:</strong></p>
<p data-mce-fragment=""1"">Dieser Kalender ist spezielle für die besinnliche Adventszeit und bietet dir jeden Tag eine andere Snusüberraschung. Das Kalenderbild zeigt dir die warme Stube, in welcher der schön geschmückte Weihnachtsbaum und viele Geschenke auf dich warten. Der Snus darf natürlich auch nicht fehlen.</p>
<p data-mce-fragment=""1"">Mit dem Kalender erhältst du:</p>
<ul data-mce-fragment=""1"">
<li data-mce-fragment=""1"">einen 24 Türchen Adventskalender</li>
<li data-mce-fragment=""1"">24 verschiedene Snussorten</li>
<li data-mce-fragment=""1"">Pro Türchen sind mind. zwei Snusbeutel</li>
<li data-mce-fragment=""1"">viel Gelächter und eine besinnliche Wärme in der Nase</li>
</ul>
<p><strong>Für unsere Umwelt</strong></p>
<p>Karton:<span> </span>99% aus Recyceltem Karton<br>Kunststoff: 90% aus <span data-mce-fragment=""1"">Recyceltem Kunststoff</span></p>
<p><strong>Umweltsiegel:</strong></p>
<p>FSC, Wälder für immer für alle und GoGreen </p>
<p>.</p>",Snus Adventskalender 2023,Unisex,,,,,,,https://cdn.shopify.com/s/files/1/0281/7546/6627/products/image_44390af0-4ecf-4c56-b696-15dc17a2df0d.jpg,,,,,49.95,,1,G,1000,IN,3,3,3,,,,
,,650,Unisex,Title,Default Title,,,,,,,,,,49.95,,1,G,1000,IN,3,3,3,,,Snus-King.ch,Snus Adventskalender 2023
200g Box Scooper MIX Cola + Grapefruit,240 Scoops,200g Box Scooper MIX Cola + Grapefruit,Unisex,,,,,,,https://cdn.shopify.com/s/files/1/0281/7546/6627/files/image_e690ee97-7eb5-402f-9e8e-3f5a58d88f22.jpg,,,,,129.00,59.95,1,G,200,IN,3,3,3,,,,
,,9038,Unisex,Title,Default Title,,,,,,,,,,129.00,59.95,1,G,200,IN,3,3,3,,,Snus-Star.ch,200g Box Scooper MIX Cola + Grapefruit
200g Scooper Grapefruit,<p>240 Scooper Grapefruit </p>,200g Scooper Grapefruit,Unisex,,,,,,,https://cdn.shopify.com/s/files/1/0281/7546/6627/files/image_806f2e69-fea2-4b7f-9520-29cfcaaf8f14.heic,,,,,129.00,59.90,1,G,1,IN,3,3,3,,,,
,,9018,Unisex,Title,Default Title,,,,,,,,,,129.00,59.90,1,G,1,IN,3,3,3,,,Snus-Star.ch,200g Scooper Grapefruit
200g Box Scooper Energy Iced Cola,240 scoops,200g Box Scooper Energy Iced Cola,Unisex,,,,,,,https://cdn.shopify.com/s/files/1/0281/7546/6627/files/image_c25849b8-41a3-4d69-b9fb-f37cea0ae2f6.heic,,,,,129.00,59.90,1,G,200,IN,3,3,3,,,,
,,9032,Unisex,Title,Default Title,,,,,,,,,,129.00,59.90,1,G,200,IN,3,3,3,,,Snus-Star.ch,200g Box Scooper Energy Iced Cola
Bernard Fichtennadel Schnupf 10g,"<h2 data-mce-fragment=""1"">Bernard Original Schnupftabak in der 10 g Schachtel hat ein würzig-frisches Aroma<br>
</h2>
<p>Der rauchfreie F Bernard Original Schnupftabak, bekannt für sein würzig-frisches Aroma, ist in der praktischen 10 g Schachtel mit Schiebeverschluss erhältlich. Dieser hochwertige Schnupftabak wird nach strengen Qualitätsstandards aus 100% reinem Tabak hergestellt. Er zeichnet sich durch eine gelungene Mischung aus hellen Tabaksorten aus und ist mit dem Aroma von Fichtennadeln verfeinert. Der natürliche Nikotingehalt sorgt für eine anregende Wirkung beim Schnupfen über die Nasenschleimhäute. Mit seiner mittelbraunen, feuchten und mittelfeinen Konsistenz bietet der F Bernard Original Schnupftabak ein angenehmes Schnupferlebnis.</p>
<p>Um den vollen Genuss des F Bernard Original Schnupftabaks zu erleben, empfiehlt es sich, eine kleine Prise sanft in die Nase aufzuschnuppern und anschließend eine kurze Einwirkzeit abzuwarten. Der F Bernard Original Snuff kann entweder vom Handrücken oder von den Fingerspitzen aufgeschnuppert werden, ganz nach persönlicher Vorliebe. Wichtig ist, dass der Schnupftabak stets feucht ist, um eine optimale Erfahrung zu gewährleisten. Falls er nicht reibungslos aus der Verpackung fließt, genügt oft ein leichtes Aufklopfen, um ihn zu lockern. Die handliche 10 g Packung des F Bernard Original Schnupftabaks passt bequem in die Tasche und ermöglicht einen schnellen Zugriff zu jeder Zeit.</p>
<p>ART: 1010</p>",Bernard Fichtennadel Schnupf 10g,Unisex,,,,,,,https://cdn.shopify.com/s/files/1/0281/7546/6627/products/IMG_6853.jpg,,,,,5.00,,1,G,22,IN,3,3,3,,,,
,,1010,Unisex,Stück,1,,,,,,,,,,5.00,,1,G,22,IN,3,3,3,,,Snus-Star.ch,Bernard Fichtennadel Schnupf 10g
Bernhard EisKristall Schnupf 10g,"<p>Die 10 g Schachtel des Eiskristall Schnupfpulvers ohne Tabak enthält ein erfrischendes und vitalisierendes Aroma. Dieses rauchfreie Schnupfpulver wird nach strengen Qualitätsstandards hergestellt und basiert auf natürlichen Traubenzucker. Es bietet ein intensives Minzaroma und hat eine feuchte und feine Konsistenz.</p>
<p>Um das volle Aroma des Eiskristall Schnupfpulvers zu genießen, empfiehlt es sich, eine kleine Prise sanft in die Nase einzuschnupfen. Anschließend sollte man eine kurze Einwirkzeit beachten, um das Aroma vollständig zu entfalten. Ob man das Schnupfpulver vom Handrücken oder von den Fingerspitzen aufschnupft, bleibt jedem selbst überlassen. Wichtig ist, dass das Schnupfpulver leicht feucht ist. Sollte es nicht leicht aus der Schachtel fließen, genügt in der Regel ein sanftes Aufklopfen, um es zu lockern. Die praktische 10 g Schachtel des vitalisierend-frischen Eiskristall Schnupfpulvers passt problemlos in die Tasche und ist jederzeit griffbereit.</p>
<br>
<p><span>Art Nr: 1028</span></p>
<p> </p>",Bernhard EisKristall Schnupf 10g,Unisex,,,,,,,https://cdn.shopify.com/s/files/1/0281/7546/6627/products/image_df9b0d6a-1aa6-4b0e-b1b2-d1926d38e07a.jpg,,,,,4.64,,1,G,23,IN,3,3,3,,,,
,,1028,Unisex,Title,Default Title,,,,,,,,,,4.64,,1,G,23,IN,3,3,3,,,Snus-Star.ch,Bernhard EisKristall Schnupf 10g
BERNHARD JUBILÄUMS SCHNUPF,"<p>Der Bernard Jubiläum Snuff (10g) ist ein Snuff-Produkt, das von der renommierten Snuff-Manufaktur Bernard hergestellt wird. Es wurde speziell zum Jubiläum des Unternehmens kreiert und bietet ein einzigartiges Geschmackserlebnis für Snuff-Enthusiasten.</p>
<p>Das herausragende Merkmal dieses Snuffs ist sein Mentholaroma, das in Kombination mit den milden Tabakaromen eine ansprechende Geschmackskombination ergibt. Die erfrischende Mentholnote ist dominant und sorgt für ein angenehmes Kühlempfinden beim Inhalieren. Es kann eine belebende und erfrischende Wirkung haben, insbesondere für Menschen, die Mentholaromen mögen.</p>
<p>Während das Mentholaroma den Vordergrund einnimmt, bleiben die Tabakaromen subtil im Hintergrund präsent. Sie tragen zum Gesamtgeschmack bei, ohne jedoch aufdringlich zu sein. Die Tabaknote ist mild und angenehm, und sie bleibt auch nach dem Inhalieren noch eine Weile im Mundraum präsent.</p>
<p>Der Bernard Jubiläum Snuff wird in einer praktischen 10g-Dose geliefert, die ideal für unterwegs ist. Die Snuff-Manufaktur Bernard ist bekannt für ihre hochwertigen Produkte und ihre Liebe zum Detail bei der Herstellung von Snuff. Ihr Jubiläumssnuff ist keine Ausnahme und bietet eine qualitativ hochwertige Option für Snuff-Liebhaber, die nach einer erfrischenden und dennoch milden Geschmackserfahrung suchen.</p>
<br>
<p> </p>
<p><span>Art Nr: 1026</span></p>
<p> </p>",BERNHARD JUBILÄUMS SCHNUPF,Unisex,,,,,,,https://cdn.shopify.com/s/files/1/0281/7546/6627/products/image_c6d70a1f-2dd2-4e97-a99b-076c57f32115.jpg,,,,,4.80,,1,G,23,IN,3,3,3,,,,
,,1026,Unisex,Title,Default Title,,,,,,,,,,4.80,,1,G,23,IN,3,3,3,,,Snus-Star.ch,BERNHARD JUBILÄUMS SCHNUPF
BERNARD`S KLOSTERMISCHUNG 10G,"<meta charset=""utf-8"">
<p>Die Klostermischung ist ein Snuff, der aus einer perfekt ausbalancierten Kombination von Kaffee- und Bitterschokoladenaromen besteht und mit einem Hauch von Rum verfeinert wird. Der Geschmack dieser Mischung ist reichhaltig und vollmundig, wobei der Kaffee eine leichte Bitterkeit und der Rum eine süße Note hinzufügt. Die Schokolade sorgt für eine angenehme Milde und vervollständigt das Geschmackserlebnis auf harmonische Weise.</p>
<p>Das Aroma dieses Snuffs ist angenehm und intensiv, wenn man ihn einatmet. Man kann den Duft von frisch gemahlenem Kaffee und dunkler Schokolade wahrnehmen, was einen unverwechselbaren Geruch in der Nase hinterlässt. Die Feinheit des Tabaks sorgt für einen sanften Abgang und eine lang anhaltende Wirkung, die den Genuss dieses Snuffs noch weiter verstärkt.</p>
<p>Alles in allem erfreut sich die Klostermischung großer Beliebtheit unter Snuff-Enthusiasten, da sie ein einzigartiges Geschmackserlebnis bietet und mit ihrer unverwechselbaren Mischung aus Aromen überzeugt.</p>",BERNARD`S KLOSTERMISCHUNG 10G,Unisex,,,,,,,https://cdn.shopify.com/s/files/1/0281/7546/6627/files/image_b435ab0f-9f5b-4f55-b8b3-05ed935fb06e.png,,,,,4.90,,1,G,10,IN,3,3,3,,,,
,,1041,Unisex,Title,Default Title,,,,,,,,,,4.90,,1,G,10,IN,3,3,3,,,Snus-Star.ch,BERNARD`S KLOSTERMISCHUNG 10G
BERNHARD Polar Prise 10g,"<p data-mce-fragment=""1"">Die Bernard Polar Prise ist ein Schnupftabak, der in einer praktischen 10g-Kunststoffdose mit Schiebemechanismus erhältlich ist. Dieser Schnupftabak wird von Bernard produziert, der traditionsreichsten deutschen Schnupftabakmanufaktur mit einer fast 290-jährigen Geschichte. Die Polar Prise ist mittelfein gemahlen, leicht feucht und hat eine mittelbraune Farbe.</p>
<p data-mce-fragment=""1"">Beim Öffnen der Dose strömen zunächst rauchige Tabaknuancen in die Nase, während das Menthol noch im Hintergrund bleibt. Beim Schnupfen entfaltet sich zunächst eine ausgewogene Mischung aus würzigem, rauchigem Tabak und erfrischendem Menthol. Man fühlt sich schnell an ein gemütliches Lagerfeuer im verschneiten Winter erinnert. Im weiteren Verlauf nimmt die Mentholfrische ab, wodurch der rauchige Tabakduft stärker zur Geltung kommt. Der Abgang ist von einem dezenten, frischen Raucharoma geprägt.</p>
<p data-mce-fragment=""1"">Zusammenfassend lässt sich sagen, dass die Polar Prise von Bernard überraschend lecker ist. Sie bietet weniger eine klirrende Frische, sondern begeistert mit ihrem rauchig-würzigen Tabakgeschmack und der angenehmen Mentholnote.</p>",BERNHARD Polar Prise 10g,Unisex,,,,,,,https://cdn.shopify.com/s/files/1/0281/7546/6627/files/image_ed59e8eb-554b-487b-8aa4-eb8f8b3792f4.png,,,,,5.00,,1,G,10,IN,3,3,3,,,,
,,1027,Unisex,Title,Default Title,,,,,,,,,,5.00,,1,G,10,IN,3,3,3,,,Snus-Star.ch,BERNHARD Polar Prise 10g
Bernard's Magic Moments,"<meta charset=""utf-8""><span data-mce-fragment=""1"">Bernard's Magic Moments ist ein einzigartiger aromatisierter Schnupftabak, der mit einer delikaten Komposition exotischer Früchte beeindruckt. Die verführerische Kombination von Erdbeere, Vanille und subtilen Nuancen von Feige verleiht ihm einen exotischen und süßen Geschmack, der die Sinne verzaubert. Für Liebhaber süßer Aromen ist dieser außergewöhnliche Schnupftabak definitiv eine Erfahrung, die es sich lohnt auszuprobieren.</span><br>",Bernard's Magic Moments,Unisex,,,,,,,https://cdn.shopify.com/s/files/1/0281/7546/6627/files/image_16befe13-221d-41d7-ac13-479e01126af9.png,,,,,4.64,,1,G,10,IN,3,3,3,,,,
,,1040,Unisex,Title,Default Title,,,,,,,,,,4.64,,1,G,10,IN,3,3,3,,,Snus-Star.ch,Bernard's Magic Moments
BERNHARD Wiesn Schnupf 10g,"<span data-mce-fragment=""1"">Eine authentische bayerische Rezeptur von Bernard in Sinzing. Damit wird es auf dem Oktoberfest eine echte Feier! Wiesn-Snuff, ein tabakloser Genuss mit würzigem Aroma und erfrischender Mentholnote.</span>",BERNHARD Wiesn Schnupf 10g,Unisex,,,,,,,https://cdn.shopify.com/s/files/1/0281/7546/6627/files/image_cfc88e88-2ce1-42da-8ad0-4d34a6d142c6.png,,,,,5.10,,1,G,10,IN,3,3,3,,,,
,,1029,Unisex,Title,Default Title,,,,,,,,,,5.10,,1,G,10,IN,3,3,3,,,Snus-Star.ch,BERNHARD Wiesn Schnupf 10g
White FOX Full Charge All White,"<p> <strong>Der White Fox Full Charge kommt mit einem eisigen Minzgeschmack im grossen Beutel. 16mg Nikotin </strong></p>
<p> </p>
<p> </p>
<p> Art Nr: 805</p>",White FOX Full Charge All White,Unisex,,,,,,,https://cdn.shopify.com/s/files/1/0281/7546/6627/products/image_0e98db18-587c-48cd-b35c-052488e3b2ea.jpg,,,,,4.99,,1,G,30,IN,3,3,3,,,,
,,805,Unisex,Stück,1,,,,,,,,,,4.99,,1,G,30,IN,3,3,3,,,Snus-Star.ch,White FOX Full Charge All White
,,805,Unisex,Stück,10,,,,,,,,,,70.00,35.00,1,G,30,IN,3,3,3,,,Snus-Star.ch,White FOX Full Charge All White
Fribourg & Treyer Snuff Seville 20g,"<meta charset=""utf-8"">
<p>Der Fribourg &amp; Treyer Seville ist ein klassischer Schnupftabak, der in der praktischen 5g Tap Tin sowie der klassischen Blech-Tin zu 20g und der 500g Vorrats-Dose* auf den Markt kommt.</p>
<p>Hergestellt wird Fribourg &amp; Treyer mittlerweile von Wilsons of Sharrow aus England, vor allem bekannt für traditionelle englische Snuffs.</p>
<p>Typischerweise sind die Fribourg &amp; Treyer Schnupftabake fein gemahlen, relativ trocken und mittel- bis hellbraun.</p>
<p>Geruch: Im Rahmen des Dufttests macht der Seville Snuff einen sommerlichen Eindruck: Blumige Noten, etwas Orange und eine leichte Tabak-Süße strömen aus der offenen Dose.</p>
<p>Ist der Snuff dann in der Nase angekommen, kommt der Schnupfer in einen blumig-fruchtigen Genuss, bei dem zuerst Noten von Orangenblüte - erinnernd an Jasmin - die Hauptrolle spielen. Die Tabaksüße ist allerdings auch schnell zu erschnuppern und gewinnt, eingerahmt von sehr dezenten Orange-Noten, zunehmend an Kraft, bevor dann sowohl blumige als auch fruchtige Noten verfliegen. In der Nase bleibt zum Schluss eine delikate Tabak-Note.</p>
<p>Fazit: Fruchtig, floral und filigran kommt der Fribourg &amp; Treyer Seville daher und erinnert vor allem dank seiner Orange-Noten an die spanische Sonne. Für Snuff-Profis ein Muss!</p>",Fribourg & Treyer Snuff Seville 20g,Unisex,,,,,,,https://cdn.shopify.com/s/files/1/0281/7546/6627/products/ft_seville_20g_8dbf9615-2623-47ab-a728-30c0283ca0a9.jpg,,,,,9.00,,1,G,20,IN,3,3,3,,,,
,,1036,Unisex,Title,Default Title,,,,,,,,,,9.00,,1,G,20,IN,3,3,3,,,Snus-Star.ch,Fribourg & Treyer Snuff Seville 20g
Fribourg & Treyer Snuff Bordeaux 20g,"<meta charset=""utf-8"">
<div class=""ws-g ws-c VariantTitle"">
<div class=""ws-u-1"">
<p>Der Fribourg &amp; Treyer Bordeaux ist ein klassischer Schnupftabak, der in verschiedenen Größen erhältlich ist - in der praktischen 5g Tap Tin Der Schnupftabak wird von Wilsons of Sharrow aus England hergestellt, einem Unternehmen, das vor allem für traditionelle englische Snuffs bekannt ist.</p>
<p>In der Regel sind die Fribourg &amp; Treyer Schnupftabake fein gemahlen, relativ trocken und mittel- bis hellbraun.</p>
<p>Im Geruch strömt vor allem ein blumiges und zitroniges Aroma aus der Dose - ein Schnupftabak, der sich für echte Feinschmecker ankündigt.</p>
<p>Dieser Eindruck setzt sich in der Nase fort, da ein sehr komplexer floraler Duft das Riechorgan durchdringt und von Zitrusfrucht-Noten begleitet wird, wobei beide Komponenten zunächst schwer zu benennen sind. Im Laufe der Zeit lassen sich jedoch deutliche Noten von Moschus und Geranie wahrnehmen, während die Zitrus-Noten am ehesten als Zitrone identifiziert werden können. Dieser Schnupftabak ist stark aromatisiert, wobei der Tabakduft eine untergeordnete Rolle spielt.</p>
<p>Zusammenfassend werden Liebhaber blumiger Snuffs mit dem Fribourg &amp; Treyer Bordeaux zufrieden sein, da florale Noten und Zitrone eine intensive und langanhaltende Kombination bilden.</p>
</div>
</div>
<div class=""ws-g VariantContent"">
<div data-detailimagecontainer="""" class=""ws-u-1 ws-u-lg-3-5 DetailImage"">
<div class=""ws-g DetailImageBig"">
<div class=""ws-u-1 DetailImageBig-inner""><span></span></div>
</div>
</div>
<div class=""ws-u-1 ws-u-lg-2-5"">
<div data-addtocart=""loader"" class=""ws-g ws-c DetailOrderbox"">
<div class=""ws-u-1""></div>
</div>
</div>
</div>
<div class=""ws-g VariantTab"">
<div class=""ws-u-1"">
<div class=""ws-g tab-content VariantTab-content"">
<div class=""ws-g ws-c"">
<div class=""ws-u-1"">
<div class=""detail-description""></div>
</div>
</div>
</div>
</div>
</div>",Fribourg & Treyer Snuff Bordeaux 20g,Unisex,,,,,,,https://cdn.shopify.com/s/files/1/0281/7546/6627/products/FRIBOURGH-TREYER-BORDEAUX-e1649250800854.jpg,,,,,9.00,,1,G,20,IN,3,3,3,,,,
,,1043,Unisex,Title,Default Title,,,,,,,,,,9.00,,1,G,20,IN,3,3,3,,,Snus-Star.ch,Fribourg & Treyer Snuff Bordeaux 20g
FUMI Salty Raspberry,"<p data-mce-fragment=""1"">Fumi Salty Raspberry präsentiert die verlockende Verbindung aus süßen Himbeeren und einer dezenten Salznote, die den süßen Geschmack der Himbeeren betont und zu einem abgerundeten und ausgewogenen Geschmackserlebnis führt. Diese Portionen sind im schlanken Slim-Format gestaltet und beinhalten einen Nikotingehalt von 5 mg Nikotin pro Gramm.</p>
<p data-mce-fragment=""1"">Fumi steht als aufregende neue Marke von Nikotinportionen im Rampenlicht, welche faszinierende Gewürze und Aromen miteinander kombiniert und in einer einzigen Portion präsentiert. Salzige Zitronen und würzige Cola dienen als vorzeigbare Beispiele, wie durch den Einsatz dieser Gewürze neue, aufregende Geschmackskombinationen in bereits etablierten Aromen entstehen können.</p>
<p data-mce-fragment=""1"">Der Nikotingehalt beläuft sich auf 5 mg pro Gramm.</p>",FUMI Salty Raspberry,Unisex,,,,,,,https://cdn.shopify.com/s/files/1/0281/7546/6627/files/image_19f85972-db65-460c-ace3-092b9e26bba8.png,,,,,4.90,,1,G,14,IN,3,3,3,,,,
,,410,Unisex,Title,Default Title,,,,,,,,,,4.90,,1,G,14,IN,3,3,3,,,Snus-Star.ch,FUMI Salty Raspberry
FUMI Strawberry Cream,"FUMI Strawberry Cream ist praktisch der Sommer in einer Verpackung. Der süße und köstliche Geschmack von Erdbeer-Daiquiri wird perfekt in den schlanken Beuteln präsentiert, die ein lang anhaltendes Geschmackserlebnis ohne übermäßiges Abtropfen bieten. FUMI Strawberry Cream kommt mit einer Nikotinstärke von 12 mg",FUMI Strawberry Cream,Unisex,,,,,,,https://cdn.shopify.com/s/files/1/0281/7546/6627/files/image_9ee3ba62-051b-427b-8834-96341e658a08.png,,,,,4.90,,1,G,14,IN,3,3,3,,,,
,,408,Unisex,Title,Default Title,,,,,,,,,,4.90,,1,G,14,IN,3,3,3,,,Snus-Star.ch,FUMI Strawberry Cream
Fumi Ice Mint,"<p data-mce-fragment=""1"">In den FLUMI Snus-Varianten manifestiert sich ein äußerst authentisches und köstliches Geschmackserlebnis. Die Fumi Icemint Sorte offenbart einen kraftvoll-traditionellen Minzgeschmack, der beim Platzieren unter der Lippe eine erfrischende Kühle entfaltet. Diese Portionen präsentieren sich im eleganten Slim-Format und enthalten einen Nikotingehalt von 16 mg pro Gramm.</p>
<p data-mce-fragment=""1"">Fumi etabliert sich als eine neuartige Marke von Nikotinportionen, welche faszinierende Gewürze und Aromen harmonisch vereint und in kompakter Form anbietet. Beispiele hierfür sind unter anderem salzige Zitronen sowie würzige Cola, welche das Spektrum klassischer Aromen durch die Zugabe von Gewürzen auf aufregende Weise erweitern.</p>
<p data-mce-fragment=""1"">Der Nikotingehalt beträgt 16 mg pro Gramm.</p>",Fumi Ice Mint,Unisex,,,,,,,https://cdn.shopify.com/s/files/1/0281/7546/6627/files/image_4cf02ed9-2262-417f-95e7-b39de867f659.png,,,,,4.90,,1,G,14,IN,3,3,3,,,,
,,407,Unisex,Title,Default Title,,,,,,,,,,4.90,,1,G,14,IN,3,3,3,,,Snus-Star.ch,Fumi Ice Mint
FUMI Spicy Cola,"<p data-mce-fragment=""1"">Fumi Spicy Cola entfesselt einen aufregenden Geschmack von würziger Cola, der dem traditionellen Cola-Aroma eine anregende Nuance verleiht. Diese Portionen sind im eleganten Slim-Format gestaltet und enthalten einen Nikotingehalt von 8 mg Nikotin pro Gramm.</p>
<p data-mce-fragment=""1"">Fumi stellt eine innovative Marke von Nikotinportionen dar, die faszinierende Gewürze und Aromen kunstvoll vereint und in einer einzigen Portion verpackt. Salzige Zitronen und pikante Himbeeren demonstrieren eindrucksvoll, wie durch die Verwendung dieser Gewürze neue Geschmacksdimensionen in bereits vertrauten Aromen hervorgerufen werden können.</p>
<p data-mce-fragment=""1"">Der Nikotingehalt beträgt 8 mg pro Gramm.</p>",FUMI Spicy Cola,Unisex,,,,,,,https://cdn.shopify.com/s/files/1/0281/7546/6627/files/image_d34ccd17-20a5-4ed9-91e0-e7abf107ed7e.png,,,,,4.90,,1,G,14,IN,3,3,3,,,,
,,409,Unisex,Title,Default Title,,,,,,,,,,4.90,,1,G,14,IN,3,3,3,,,Snus-Star.ch,FUMI Spicy Cola
FUMI Salty Violet,"<p data-mce-fragment=""1"">Die FUMI Snus-Varianten zeichnen sich durch ihren äußerst natürlichen und köstlichen Geschmack aus. Fumi Salty Violet hingegen präsentiert den Geschmack des vertrauten Salzvioletts, das als Gewürz vielfach bekannt ist, nun auch in Form einer Nikotinportion. Diese Portionen sind im eleganten Slim-Format gestaltet und enthalten einen Nikotingehalt von 5 mg pro Gramm.</p>
<p data-mce-fragment=""1"">Fumi stellt eine innovative Marke von Nikotinportionen dar, welche fesselnde Gewürze und Aromen in einer Einzelportion vereint und verpackt. Die Kombination von salzigen Zitronen und würziger Cola sind nur zwei Beispiele dafür, wie durch die Verwendung dieser Gewürze neue Geschmacksnuancen in bereits bekannten Aromen entstehen.</p>
<p data-mce-fragment=""1"">Der Nikotingehalt beläuft sich auf 5 mg pro Gramm.</p>",FUMI Salty Violet,Unisex,,,,,,,https://cdn.shopify.com/s/files/1/0281/7546/6627/files/image_eecfbd80-067b-416b-8f35-0443b10b09b9.png,,,,,4.90,,1,G,14,IN,3,3,3,,,,
,,411,Unisex,Title,Default Title,,,,,,,,,,4.90,,1,G,14,IN,3,3,3,,,Snus-Star.ch,FUMI Salty Violet
GAWITH APRICOT SCHNUPF 10G,"<p>Der Gawith Original (ehemals Apricot) Snuff bietet eine herrlich fruchtige Erfahrung - immer frisch. Es handelt sich um eine Mischung aus sorgfältig ausgewählten Rohtabaken mit einer feinen Aprikosen-Note. Dieser Snuff ist perfekt für Liebhaber fruchtiger Geschmacksrichtungen geeignet.</p>
<p>Die Firma Pöschl expandiert bereits seit den 1960er-Jahren international. In den 90er-Jahren wurden neun Tochtergesellschaften in Osteuropa sowie in Frankreich, Hongkong und der Schweiz gegründet. Darüber hinaus ist das Unternehmen an Tabakvertriebsgesellschaften in Italien, Großbritannien, Spanien, Belgien und Luxemburg beteiligt. Mit 14 Tochter- und Beteiligungsgesellschaften weltweit und über 770 Mitarbeitern sowie Exportaktivitäten in etwa 100 Ländern ist PÖSCHL TABAK eine global agierende Unternehmensgruppe.</p>
<p>Die weitere Internationalisierung des Unternehmens bleibt auch in Zukunft ein zentrales Anliegen. Trotz des großen Erfolgs bleibt das Unternehmen seiner Tradition treu und hält an Prinzipien wie der Herstellung qualitativ hochwertiger Produkte und der Einhaltung sozialer und ethischer Grundsätze fest.</p>
<p dir=""ltr"" align=""left""> </p>
<p><span>Art Nr: 1006</span></p>",GAWITH APRICOT SCHNUPF 10G,Unisex,,,,,,,https://cdn.shopify.com/s/files/1/0281/7546/6627/products/IMG_6857.jpg,,,,,4.46,,1,G,23,IN,3,3,3,,,,
,,1006,Unisex,Stück,1,,,,,,,,,,4.46,,1,G,23,IN,3,3,3,,,Snus-Star.ch,GAWITH APRICOT SCHNUPF 10G
RED BULL ULTRA STRONG SCHNUPF 7G,"<p>Red Bull Ultra Strong Schnupf ist ein hochwirksamer und intensiver Schnupftabak, der mit dem bekannten Energiegetränk Red Bull assoziiert wird. Mit einem Gewicht von 7 Gramm bietet diese Packung eine großzügige Menge an Schnupftabak für den langanhaltenden Genuss.</p>
<p>Der Red Bull Ultra Strong Schnupf zeichnet sich durch seine außergewöhnliche Stärke aus. Dieser Schnupftabak enthält eine hohe Konzentration von Nikotin und bietet somit eine kraftvolle Wirkung für erfahrene Schnupfer.</p>
<p>Das Aroma des Red Bull Ultra Strong Schnupfs ist von der charakteristischen Geschmacksrichtung des Red Bull Energy Drinks inspiriert. Es verbindet einen belebenden und erfrischenden Geschmack mit einer angenehmen Süße, die den Genuss zu einem einzigartigen Erlebnis macht.</p>
<p>Mit dem Red Bull Ultra Strong Schnupf kannst du einen kraftvollen Energieschub erleben und gleichzeitig den intensiven Geschmack des beliebten Energy Drinks genießen. Für Schnupftabakliebhaber, die nach einem starken und geschmackvollen Erlebnis suchen, ist der Red Bull Ultra Strong Schnupf eine empfehlenswerte Wahl.</p>
<p>Bitte beachte, dass der Konsum von Schnupftabak gesundheitliche Risiken mit sich bringen kann und dass Nikotin süchtig machen kann. Es wird empfohlen, Schnupftabak in Maßen zu genießen und die entsprechenden Warnhinweise und Anweisungen des Herstellers zu beachten.</p>
<p><span>Art Nr: 6001</span></p>",RED BULL ULTRA STRONG SCHNUPF 7G,Unisex,,,,,,,https://cdn.shopify.com/s/files/1/0281/7546/6627/products/IMG_6858.jpg,,,,,5.52,,1,G,16,IN,3,3,3,,,,
,,6001,Unisex,Stück,1,,,,,,,,,,5.52,,1,G,16,IN,3,3,3,,,Snus-Star.ch,RED BULL ULTRA STRONG SCHNUPF 7G
GAWITH HELVETIC SCHNUPF 7G,"<p>Der Gawith Snuff ist einer der begehrtesten in der Schweiz. Seit jeher überzeugt er mit unglaublicher Frische und einem großartigen Tabakgeschmack.</p>
<p>Um den Schnupfern in der Schweiz etwas Besonderes zu bieten, hat Gawith die Helvetic Edition eingeführt. Jede Dose der Gawith Helvetic Edition enthält 7g erstklassigen Schnupftabak, der das Nasenerlebnis bereichern wird.</p>
<p><span>Art Nr: 6000</span></p>
<p><span><br></span></p>",GAWITH HELVETIC SCHNUPF 7G,Unisex,,,,,,,https://cdn.shopify.com/s/files/1/0281/7546/6627/products/IMG_6854.jpg,,,,,4.46,,1,G,17,IN,3,3,3,,,,
,,6000,Unisex,Stück,1,,,,,,,,,,4.46,,1,G,17,IN,3,3,3,,,Snus-Star.ch,GAWITH HELVETIC SCHNUPF 7G
Gawith Silver 10g,"<meta charset=""utf-8""><span>Der Gawith Silver Snuff (ehemals Cola) zeichnet sich durch seine frische und kühle Note aus. Er besteht aus einer aromatischen Mischung von hochwertigen Importtabaken, die mit einem erfrischenden Cola-Aroma verfeinert werden. Dieser Tabakgenuss ohne Rauch stammt aus dem renommierten Hause Pöschl.</span>",Gawith Silver 10g,Unisex,,,,,,,https://cdn.shopify.com/s/files/1/0281/7546/6627/files/image_5d54e6c6-1dc2-498f-a35d-5ac29c69adbb.png,,,,,4.60,,1,G,10,IN,3,3,3,,,,
,,1038,Unisex,Title,Default Title,,,,,,,,,,4.60,,1,G,10,IN,3,3,3,,,Snus-Star.ch,Gawith Silver 10g
General Mint,"<p><strong>General Mint White  ist ein mit einem geschmacksvollen Minz Geschmack. </strong></p>
<p><strong> General Mint ist der Snus der Wahl für alle diejenigen, die einen starken Tabakgeschmack und mehr Nikotin wollen. General Extra Strong hat den echten, sehr populären General-Geschmack; ein deutlicher Tabakgeschmack mit einem Hauch von Bergamot und Peffer.</strong></p>
<p>Feuchte Oberfläche für schnelle und robuste Aroma-Entfaltung. 14mg Nikotin </p>
<p>  Art Nr: 403</p>
<p><strong>Was ist Snus?</strong></p>
<p>Schwedischer Snus – und auch Chewing Bags, dass für den europäischen Mark bekannt ist – ein feuchter rauchfreier Tabak zum oralen Gebrauch. Du platzierst den Snus unter die Oberlippe. Der Kautabak ist ein traditionelles Genussmittel, der Nikotin enthält, Der Snus stammt aus der Karibik und ist seit dem 18. Jahrhundert ein natürlicher Ort in der schwedischen Kultur.</p>
<p><strong>Inhaltsstoffe des Snus:</strong></p>
<p>Snus enthält Wasser, Tabak, Salz, Aromen. Die Zutaten müssen von der nationalen Lebensmittelbehörde zugelassen sein, damit der Snus in der Schweiz verkauft werden kann.</p>
<p>Der Tabak ist die Grundlage des Snus und trägt sowohl zum Geschmack als auch zum Nikotin bei. Verschiedene Tabaksorten haben unterschiedliche Eigenschaften und daher wird in jedem Produkt Tabak aus verschiedenen Sorten verwendet. Einige Pflanzen enthalten mehr Nikotin, während andere einen deutlicheren Geschmack haben.</p>
<p> </p>
<p><strong>Snus Kaufen in der Schweiz:</strong></p>
<p>wir von Snus-Star.ch versuchen es dem Kunde so einfach wie möglich zu machen. Da die Preise an Verkaufsstellen einen sehr erhöhten Preis haben wollen wir euch den Snus zu einem Fairen Pries anbieten.  </p>
<p>Schlagwörter:</p>
<p>Snus kaufen schweiz, Billiger Snus Kaufen, Snus kaufen , Der beste Snus der Welt Supreme Snus, Odens Snus, Scooper Schweiz, Snus Schweiz. Snus kaufen auf Rechnung, </p>",General Mint,Unisex,,,,,,,https://cdn.shopify.com/s/files/1/0281/7546/6627/products/IMG_6664.jpg,,,,,5.20,,1,G,310,IN,3,3,3,,,,
,,403,Unisex,Stück,1,,,,,,,,,,5.20,,1,G,310,IN,3,3,3,,,Snus-King,General Mint
,,403,Unisex,Stück,10,,,,,,,,,,54.78,,1,G,319,IN,3,3,3,,,Snus-King,General Mint
General Classic  White Mini,"<p>General White Mini ist eine beliebte Variante mit starkem Tabakgeschmack und einem geringeren Nikotingehalt. Es bietet den authentischen und äußerst populären General-Geschmack, der durch eine klare Tabaknote mit einem Hauch von Bergamotte und Pfeffer charakterisiert ist.</p>
<p>Die feuchte Oberfläche ermöglicht eine schnelle und intensive Entfaltung des Aromas. Mit einem Nikotingehalt von 8 mg pro Portion ist es eine ausgewogene Wahl.</p>
<p>Artikelnummer: 405</p>
<p>Was ist Snus?</p>
<p>Snus ist ein schwedischer rauchfreier Tabak, der auch als Kautabak bekannt ist und in Europa als Chewing Bags vermarktet wird. Er wird unter die Oberlippe platziert und ist ein traditionelles Genussmittel mit Nikotingehalt. Snus hat seinen Ursprung in der Karibik und ist seit dem 18. Jahrhundert fester Bestandteil der schwedischen Kultur.</p>
<p>Inhaltsstoffe von Snus:</p>
<p>Snus enthält Wasser, Tabak, Salz und Aromen. Die verwendeten Zutaten müssen von den nationalen Lebensmittelbehörden zugelassen sein, um in der Schweiz verkauft werden zu dürfen.</p>
<p>Tabak bildet die Grundlage von Snus und trägt sowohl zum Geschmack als auch zum Nikotingehalt bei. In jedem Produkt werden verschiedene Tabaksorten verwendet, da sie unterschiedliche Eigenschaften aufweisen. Manche Tabaksorten enthalten mehr Nikotin, während andere einen intensiveren Geschmack haben.</p>
<p>Snus-Kauf in der Schweiz:</p>
<p>Wir von Snus-Star.ch möchten es unseren Kunden so einfach wie möglich machen. Da die Preise in Verkaufsstellen oft überhöht sind, bieten wir Snus zu fairen Preisen an.</p>
<p>Stichwörter:</p>
<p>Snus kaufen Schweiz, günstig Snus kaufen, Snus kaufen, der beste Snus der Welt, Supreme Snus, Odens Snus, Scooper Schweiz, Snus Schweiz, Snus kaufen auf Rechnung.</p>",General Classic  White Mini,Unisex,,,,,,,https://cdn.shopify.com/s/files/1/0281/7546/6627/products/IMG_6668.jpg,,,,,5.48,,1,G,18,IN,3,3,3,,,,
,,405,Unisex,Stück,1,,,,,,,,,,5.48,,1,G,18,IN,3,3,3,,,Snus-Star.ch,General Classic  White Mini
General Original Portion,"<p><strong>Würzige Tabakcharakter mit Züge von Bergamotte sowie etwas Tee, Heu und Leder. Die Beutel sind Original mit eine feuchte Oberfläche für eine intensive Aromenfreisetzung.</strong></p>
<p><strong>General Classic Extra Strong Portion - einer der stärksten General-Portionssnus. General Extra Strong Portion ist der Snus der Wahl für alle diejenigen, die einen starken Tabakgeschmack und mehr Nikotin wollen. General Extra Strong hat den echten, sehr populären General-Geschmack; ein deutlicher Tabakgeschmack mit einem Hauch von Bergamot und Peffer.  <span>20mg Nikotin</span></strong></p>
<p>Feuchte Oberfläche für schnelle und robuste Aroma-Entfaltung. </p>
<p>  <strong></strong> </p>
<p> Art Nr: 406</p>
<p><strong>Was ist Snus?</strong></p>
<p>Schwedischer Snus – und auch Chewing Bags, dass für den europäischen Mark bekannt ist – ein feuchter rauchfreier Tabak zum oralen Gebrauch. Du platzierst den Snus unter die Oberlippe. Der Kautabak ist ein traditionelles Genussmittel, der Nikotin enthält, Der Snus stammt aus der Karibik und ist seit dem 18. Jahrhundert ein natürlicher Ort in der schwedischen Kultur.</p>
<p><strong>Inhaltsstoffe des Snus:</strong></p>
<p>Snus enthält Wasser, Tabak, Salz, Aromen. Die Zutaten müssen von der nationalen Lebensmittelbehörde zugelassen sein, damit der Snus in der Schweiz verkauft werden kann.</p>
<p>Der Tabak ist die Grundlage des Snus und trägt sowohl zum Geschmack als auch zum Nikotin bei. Verschiedene Tabaksorten haben unterschiedliche Eigenschaften und daher wird in jedem Produkt Tabak aus verschiedenen Sorten verwendet. Einige Pflanzen enthalten mehr Nikotin, während andere einen deutlicheren Geschmack haben.</p>
<p> </p>
<p><strong>Snus Kaufen in der Schweiz:</strong></p>
<p>wir von Snus-Star.ch versuchen es dem Kunde so einfach wie möglich zu machen. Da die Preise an Verkaufsstellen einen sehr erhöhten Preis haben wollen wir euch den Snus zu einem Fairen Pries anbieten.  </p>
<p>Schlagwörter:</p>
<p>Snus kaufen schweiz, Billiger Snus Kaufen, Snus kaufen , Der beste Snus der Welt Supreme Snus, Odens Snus, Scooper Schweiz, Snus Schweiz. Snus kaufen auf Rechnung,</p>",General Original Portion,Unisex,,,,,,,https://cdn.shopify.com/s/files/1/0281/7546/6627/products/IMG_6667_81965e3d-8a99-4096-8a39-a6e9bc02e431.jpg,,,,,6.41,,1,G,38,IN,3,3,3,,,,
,,406,Unisex,Stück,1,,,,,,,,,,6.41,,1,G,38,IN,3,3,3,,,Snus-Star.ch,General Original Portion
,,406,Unisex,Stück,10,,,,,,,,,,60.35,,1,G,389,IN,3,3,3,,,Snus-Star.ch,General Original Portion
General Extra Strong,"<p><strong>General Classic Extra Strong Portion - einer der stärksten General-Portionssnus. General Extra Strong Portion ist der Snus der Wahl für alle diejenigen, die einen starken Tabakgeschmack und mehr Nikotin wollen. General Extra Strong hat den echten, sehr populären General-Geschmack; ein deutlicher Tabakgeschmack mit einem Hauch von Bergamot und Peffer. 14mg Nikotin </strong></p>
<p>Feuchte Oberfläche für schnelle und robuste Aroma-Entfaltung.</p>
<p>   </p>
<p> <span>Art Nr: 400</span></p>
<p> </p>
<p><strong>Was ist Snus?</strong></p>
<p>Schwedischer Snus – und auch Chewing Bags, dass für den europäischen Mark bekannt ist – ein feuchter rauchfreier Tabak zum oralen Gebrauch. Du platzierst den Snus unter die Oberlippe. Der Kautabak ist ein traditionelles Genussmittel, der Nikotin enthält, Der Snus stammt aus der Karibik und ist seit dem 18. Jahrhundert ein natürlicher Ort in der schwedischen Kultur.</p>
<p><strong>Inhaltsstoffe des Snus:</strong></p>
<p>Snus enthält Wasser, Tabak, Salz, Aromen. Die Zutaten müssen von der nationalen Lebensmittelbehörde zugelassen sein, damit der Snus in der Schweiz verkauft werden kann.</p>
<p>Der Tabak ist die Grundlage des Snus und trägt sowohl zum Geschmack als auch zum Nikotin bei. Verschiedene Tabaksorten haben unterschiedliche Eigenschaften und daher wird in jedem Produkt Tabak aus verschiedenen Sorten verwendet. Einige Pflanzen enthalten mehr Nikotin, während andere einen deutlicheren Geschmack haben.</p>
<p> </p>
<p><strong>Snus Kaufen in der Schweiz:</strong></p>
<p>wir von Snus-Star.ch versuchen es dem Kunde so einfach wie möglich zu machen. Da die Preise an Verkaufsstellen einen sehr erhöhten Preis haben wollen wir euch den Snus zu einem Fairen Pries anbieten.  </p>
<p>Schlagwörter:</p>
<p>Snus kaufen schweiz, Billiger Snus Kaufen, Snus kaufen , Der beste Snus der Welt Supreme Snus, Odens Snus, Scooper Schweiz, Snus Schweiz. Snus kaufen auf Rechnung, </p>",General Extra Strong,Unisex,,,,,,,https://cdn.shopify.com/s/files/1/0281/7546/6627/products/IMG_6665.jpg,,,,,6.41,,1,G,36,IN,3,3,3,,,,
,,400,Unisex,Stück,1,,,,,,,,,,6.41,,1,G,36,IN,3,3,3,,,Snus-Star.ch,General Extra Strong
,,400,Unisex,Stück,10,,,,,,,,,,60.35,,1,G,367,IN,3,3,3,,,Snus-Star.ch,General Extra Strong
General One white,"<p><strong>General Mint White  ist ein mit einem geschmacksvollen Minz Geschmack. </strong></p>
<p><strong> General Mint ist der Snus der Wahl für alle diejenigen, die einen starken Tabakgeschmack und mehr Nikotin wollen. General Extra Strong hat den echten, sehr populären General-Geschmack; ein deutlicher Tabakgeschmack mit einem Hauch von Bergamot und Peffer. 14mg Nikotin </strong></p>
<p>Feuchte Oberfläche für schnelle und robuste Aroma-Entfaltung.</p>
<p> </p>
<p> </p>
<p> Art Nr: 402</p>
<p> </p>
<p><strong>Was ist Snus?</strong></p>
<p>Schwedischer Snus – und auch Chewing Bags, dass für den europäischen Mark bekannt ist – ein feuchter rauchfreier Tabak zum oralen Gebrauch. Du platzierst den Snus unter die Oberlippe. Der Kautabak ist ein traditionelles Genussmittel, der Nikotin enthält, Der Snus stammt aus der Karibik und ist seit dem 18. Jahrhundert ein natürlicher Ort in der schwedischen Kultur.</p>
<p><strong>Inhaltsstoffe des Snus:</strong></p>
<p>Snus enthält Wasser, Tabak, Salz, Aromen. Die Zutaten müssen von der nationalen Lebensmittelbehörde zugelassen sein, damit der Snus in der Schweiz verkauft werden kann.</p>
<p>Der Tabak ist die Grundlage des Snus und trägt sowohl zum Geschmack als auch zum Nikotin bei. Verschiedene Tabaksorten haben unterschiedliche Eigenschaften und daher wird in jedem Produkt Tabak aus verschiedenen Sorten verwendet. Einige Pflanzen enthalten mehr Nikotin, während andere einen deutlicheren Geschmack haben.</p>
<p> </p>
<p><strong>Snus Kaufen in der Schweiz:</strong></p>
<p>wir von Snus-<span data-mce-fragment=""1"">Star</span>.ch versuchen es dem Kunde so einfach wie möglich zu machen. Da die Preise an Verkaufsstellen einen sehr erhöhten Preis haben wollen wir euch den Snus zu einem Fairen Pries anbieten.  </p>
<p>Schlagwörter:</p>
<p>Snus kaufen schweiz, Billiger Snus Kaufen, Snus kaufen , Der beste Snus der Welt Supreme Snus, Odens Snus, Scooper Schweiz, Snus Schweiz. Snus kaufen auf Rechnung,</p>",General One white,Unisex,,,,,,,https://cdn.shopify.com/s/files/1/0281/7546/6627/products/IMG_6666.jpg,,,,,6.41,,1,G,29,IN,3,3,3,,,,
,,402,Unisex,Stück,1,,,,,,,,,,6.41,,1,G,29,IN,3,3,3,,,Snus-Star.ch,General One white
Snus-Star Feuerzeug,,Snus-Star Feuerzeug,Unisex,,,,,,,https://cdn.shopify.com/s/files/1/0281/7546/6627/products/image.heic,,,,,0.50,,1,G,100,IN,3,3,3,,,,
,,8000,Unisex,Title,Default Title,,,,,,,,,,0.50,,1,G,100,IN,3,3,3,,,Snus-Star.ch,Snus-Star Feuerzeug
Snus-Star Regenschirm,,Snus-Star Regenschirm,Unisex,,,,,,,https://cdn.shopify.com/s/files/1/0281/7546/6627/products/tn.png,,,,,9.90,5.00,1,G,300,IN,3,3,3,,,,
,,8001,Unisex,Title,Default Title,,,,,,,,,,9.90,5.00,1,G,300,IN,3,3,3,,,Snus-Star.ch,Snus-Star Regenschirm
Hangover Shot,"<p data-mce-fragment=""1""><strong data-mce-fragment=""1"">SCHNELLER WIEDER FIT NACH DEM FEIERN!</strong></p>
<p data-mce-fragment=""1""> Trinkfertiger Shot für unterwegs<br data-mce-fragment=""1"">  Mit patentiertem OM24® Stoffkomplex aus Teepflanzen und einem Mix aus 9 Vitaminen, Zink, Selen und Coffein.<br data-mce-fragment=""1"">  Bei Bedarf eine Ampulle am Abend, vor dem Schlafengehen trinken.</p>
<p data-mce-fragment=""1""> </p>
<div class=""h1 appear-delay""><strong>FÜR DEN TAG DANACH!</strong></div>
<div class=""rte appear-delay-1"">
<p> </p>
<p>Egal ob Job, Familie und Freizeitaktivitäten, dieser Shot ist für alle, die es sich nicht leisten können, am Tag nach dem Feiern durchzuhängen.</p>
<p> </p>
<p><strong>Wer kennt es nicht?</strong></p>
<p>Mit Kollegen oder Freunden so richtig über die Stränge zu schlagen - das passiert jedem mal. Die Konsequenzen kommen aber am nächsten Tag.</p>
<p><strong>Schneller wieder fit mit dem Hangover Shot!</strong></p>
<p> </p>
<p>Hol' dir zurück, was Du über Nacht eingebüßt hast.</p>
<p> <br></p>
<div class=""h1 appear-delay""><strong>WAS IST DRIN?</strong></div>
<div class=""rte appear-delay-1"">
<p> </p>
<p>Der Hangover Shot besteht aus dem patentiertem OM24® Stoffkomplex aus Teepflanzen und einem Mix aus 9 Vitaminen, Zink, Selen und Coffein.</p>
<p>Die Aktivformel von OM24® ist weltweit geschützt und patentiert. Sie unterstützt das Wohlbefinden am nächsten Tag.</p>
<p>Der Hangover Shot wurde in der Schweiz entwickelt und bereits millionenfach im Einzelhandel erfolgreich verkauft!</p>
</div>
</div>",Hangover Shot,Unisex,,,,,,,https://cdn.shopify.com/s/files/1/0281/7546/6627/products/nextday_750x_f2458b55-a27e-4c50-84f3-6b5c30b119f0.webp,https://cdn.shopify.com/s/files/1/0281/7546/6627/products/image_9fa8aaf4-b6fa-4487-a7d9-88f4f4ed7984.jpg,https://cdn.shopify.com/s/files/1/0281/7546/6627/products/image_64d5487c-126a-407d-9d38-3e0255429413.jpg,,,4.50,3.80,1,G,32,IN,3,3,3,,,,
,,959,Unisex,Stück,1,,,,,,,,,,4.50,3.80,1,G,32,IN,3,3,3,,,Snus-Star.ch,Hangover Shot
,,959,Unisex,Stück,5,,,,,,,,,,22.50,13.66,1,G,160,IN,3,3,3,,,Snus-Star.ch,Hangover Shot
,,959,Unisex,Stück,10,,,,,,,,,,45.00,26.34,1,G,320,IN,3,3,3,,,Snus-Star.ch,Hangover Shot
,,959,Unisex,Stück,20,,,,,,,,,,90.00,47.80,1,G,690,IN,3,3,3,,,Snus-Star.ch,Hangover Shot
Snus-Star Feuerzeug,,Snus-Star Feuerzeug,Unisex,,,,,,,https://cdn.shopify.com/s/files/1/0281/7546/6627/products/image.heic,,,,,0.50,,1,G,100,IN,3,3,3,,,,
,,8000,Unisex,Title,Default Title,,,,,,,,,,0.50,,1,G,100,IN,3,3,3,,,Snus-Star.ch,Snus-Star Feuerzeug
Snus-Star Regenschirm,,Snus-Star Regenschirm,Unisex,,,,,,,https://cdn.shopify.com/s/files/1/0281/7546/6627/products/tn.png,,,,,9.90,5.00,1,G,300,IN,3,3,3,,,,
,,8001,Unisex,Title,Default Title,,,,,,,,,,9.90,5.00,1,G,300,IN,3,3,3,,,Snus-Star.ch,Snus-Star Regenschirm
Jakobsson Melone Strong,"<p>Triple S: Dick, süß und lecker - das ist Jakobssons Melon Strong von Gotlandssnus! Dieser Snus ist dafür bekannt, ein reichhaltiges und intensives Geschmackserlebnis zu bieten. Als einer der ersten Snus auf dem Markt präsentiert er ein köstliches Aroma von saftiger Melone, das die Sinne verwöhnt.</p>
<p>Jakobssons Melon Strong zeichnet sich durch seine hohe Nikotinkonzentration von 14 mg aus, was ihn zu einer starken Option für erfahrene Snus-Konsumenten macht. Mit seinem intensiven Geschmack und der hohen Nikotinmenge bietet er ein kraftvolles Schnupferlebnis.</p>
<p>Gotlandssnus, der Hersteller dieses Snus, ist für seine hochwertigen Produkte und die Verwendung von sorgfältig ausgewählten Zutaten bekannt. Der Melon Strong Snus wird mit größter Sorgfalt hergestellt, um eine ausgezeichnete Qualität und Geschmackskonsistenz zu gewährleisten.</p>
<p>Das Melonenaroma verleiht diesem Snus eine süße und erfrischende Note, die perfekt mit dem reichhaltigen Tabakgeschmack harmoniert. Die Kombination aus Süße und Tabak bildet ein ausgewogenes Geschmacksprofil, das anspruchsvolle Snus-Liebhaber begeistern wird.</p>
<p>Genießen Sie das einzigartige Geschmackserlebnis von Jakobssons Melon Strong Snus und lassen Sie sich von seiner Dickflüssigkeit, Süße und Leckerheit verwöhnen. Dieser Snus bietet Ihnen eine exzellente Mischung aus Geschmack und Nikotinkick, die Ihre Snus-Erfahrung auf ein neues Niveau heben wird.</p>
<p>Art Nr: 500</p>
<p> </p>",Jakobsson Melone Strong,Unisex,,,,,,,https://cdn.shopify.com/s/files/1/0281/7546/6627/products/IMG_6621.jpg,,,,,5.48,,1,G,37,IN,3,3,3,,,,
,,500,Unisex,Stück,1,,,,,,,,,,5.48,,1,G,37,IN,3,3,3,,,Snus-Star.ch,Jakobsson Melone Strong
Jakobsson Cola Strong,"<p><strong>Jakobsson's Strong Cola hat den Geschmack von Cola und traditionellem Snus. Dieser starke Schnupftabak mit 14 mg/g Nikotin verwendet den ursprünglichen braunen Teil, um schnellen Geschmack und Stärke zu bieten. Es ist jetzt Teil der permanenten Snusserie! 14mg Nikotin </strong></p>
<p><strong> </strong></p>
<p> </p>
<p> Art Nr: 503</p>
<p><strong>Was ist Snus?</strong></p>
<p>Schwedischer Snus – und auch Chewing Bags, dass für den europäischen Mark bekannt ist – ein feuchter rauchfreier Tabak zum oralen Gebrauch. Du platzierst den Snus unter die Oberlippe. Der Kautabak ist ein traditionelles Genussmittel, der Nikotin enthält, Der Snus stammt aus der Karibik und ist seit dem 18. Jahrhundert ein natürlicher Ort in der schwedischen Kultur.</p>
<p><strong>Inhaltsstoffe des Snus:</strong></p>
<p>Snus enthält Wasser, Tabak, Salz, Aromen. Die Zutaten müssen von der nationalen Lebensmittelbehörde zugelassen sein, damit der Snus in der Schweiz verkauft werden kann.</p>
<p>Der Tabak ist die Grundlage des Snus und trägt sowohl zum Geschmack als auch zum Nikotin bei. Verschiedene Tabaksorten haben unterschiedliche Eigenschaften und daher wird in jedem Produkt Tabak aus verschiedenen Sorten verwendet. Einige Pflanzen enthalten mehr Nikotin, während andere einen deutlicheren Geschmack haben.</p>
<p> </p>
<p><strong>Snus Kaufen in der Schweiz:</strong></p>
<p>wir von Snus-Star.ch versuchen es dem Kunde so einfach wie möglich zu machen. Da die Preise an Verkaufsstellen einen sehr erhöhten Preis haben wollen wir euch den Snus zu einem Fairen Pries anbieten.  </p>
<p>Schlagwörter:</p>
<p>Snus kaufen schweiz, Billiger Snus Kaufen, Snus kaufen , Der beste Snus der Welt Supreme Snus, Odens Snus, Scooper Schweiz, Snus Schweiz. Snus kaufen auf Rechnung,</p>",Jakobsson Cola Strong,Unisex,,,,,,,https://cdn.shopify.com/s/files/1/0281/7546/6627/products/IMG_6622.jpg,,,,,5.48,,1,G,37,IN,3,3,3,,,,
,,503,Unisex,Stück,1,,,,,,,,,,5.48,,1,G,37,IN,3,3,3,,,Snus-Star.ch,Jakobsson Cola Strong
Jakobsson Mint Strong,"<div class=""MuiGrid-root MuiGrid-item MuiGrid-grid-xs-12 MuiGrid-grid-sm-6"">
<p>Mintsnus ist anders - das ist Jakobssons Mint Strong. Dieser Snus bietet das beliebte Kräuter-Minz-Aroma, das von keinem anderen Snus übertroffen wird. Wenn Sie auf der Suche nach einem erfrischenden Snus sind, sollten Sie diesen unbedingt probieren! Mit einem Nikotingehalt von 14 mg bietet er auch einen starken Kick.</p>
<p>Der Jakobssons Mint Strong Snus ist für sein herausragendes Geschmackserlebnis bekannt. Das erfrischende Kräuter-Minz-Aroma verleiht diesem Snus einen angenehmen und belebenden Charakter. Die Mischung aus Minze und Kräutern sorgt für eine harmonische Kombination, die Snus-Liebhaber begeistern wird.</p>
<p>Gotlandssnus, der Hersteller dieses Snus, ist für seine hochwertigen Produkte und die Verwendung sorgfältig ausgewählter Zutaten bekannt. Der Mint Strong Snus wird mit größter Sorgfalt hergestellt, um eine hervorragende Qualität und ein gleichbleibendes Geschmackserlebnis zu gewährleisten.</p>
<p>Snus ist ein feuchter, rauchfreier Tabak zum oralen Gebrauch, der in Schweden und anderen Teilen Europas beliebt ist. Beim Snus wird der Tabak unter die Oberlippe platziert, um den Geschmack und das Nikotin freizusetzen. Es handelt sich um ein traditionelles Genussmittel, das seit dem 18. Jahrhundert Teil der schwedischen Kultur ist.</p>
<p>Die Inhaltsstoffe von Snus umfassen Wasser, Tabak, Salz und Aromen. Diese Zutaten müssen von der nationalen Lebensmittelbehörde zugelassen sein, um den Verkauf von Snus in der Schweiz zu ermöglichen.</p>
<p>Der Tabak ist die Grundlage des Snus und beeinflusst sowohl den Geschmack als auch den Nikotingehalt. In jedem Produkt werden verschiedene Tabaksorten verwendet, da sie unterschiedliche Eigenschaften aufweisen. Einige Tabaksorten enthalten mehr Nikotin, während andere einen stärkeren Geschmack haben.</p>
<p>Wenn Sie in der Schweiz Snus kaufen möchten, bietet Snus-Star.ch eine einfache und bequeme Lösung. Wir bieten Snus zu fairen Preisen an, um unseren Kunden eine erschwingliche Option zu bieten. Sie können bei uns verschiedene Snus-Marken wie Supreme Snus, Odens Snus und Scooper Schweiz finden. Wir bieten auch den Kauf auf Rechnung an, um Ihnen das Einkaufserlebnis zu erleichtern.</p>
<p>Stichwörter: Snus kaufen Schweiz, günstiger Snus kaufen, Supreme Snus, Odens Snus, Scooper Schweiz, Snus Schweiz, Snus kaufen auf Rechnung.</p>
</div>",Jakobsson Mint Strong,Unisex,,,,,,,https://cdn.shopify.com/s/files/1/0281/7546/6627/products/IMG_6623.jpg,,,,,5.48,,1,G,38,IN,3,3,3,,,,
,,501,Unisex,Stück,1,,,,,,,,,,5.48,,1,G,38,IN,3,3,3,,,Snus-Star.ch,Jakobsson Mint Strong
JBR RED,"<p><span><strong>JBR Red Snuff ist ein typischer Pöschler mentholhaltiger Schnupftabak, der in stylischen, glänzenden 10-Gramm-Kunststoffdosen verkauft wird. Der Geruch in der Dose: Schon riecht man ein kräftiges Kirscharoma mit einem Hauch Minze. Ein fruchtiger, aber gleichzeitig kühler Schnupftabak kündigt sich an.</strong> Durch seine mittlere Abrasivität und leichte Feuchtigkeit ist Schnupftabak sehr gut zum Schnüffeln geeignet. Wie Sie es von vielen Pöschl Snuffs gewohnt sind, gelangt Menthol beim Riechen zuerst in die Nase. Schnell kamen aromatische Kirschnoten und feste Tabak-Basisnoten ins Spiel. Allmählich lässt der fruchtige Anteil wieder nach und der satte Minzgeschmack gewinnt wieder an Kraft. Kirsch-Menthol-Kompositionen sind bei Schnupftabak-Liebhabern sehr beliebt, da ihre Mischungen meist sehr harmonisch sind. Dies ist auch bei dem ausgewogenen Geschmack von JBR Red Snuff der Fall.</span></p>
<p> </p>
<p>Art Nr: 1015</p>",JBR RED,Unisex,,,,,,,https://cdn.shopify.com/s/files/1/0281/7546/6627/products/IMG_6861.jpg,,,,,6.90,6.41,1,G,20,IN,3,3,3,,,,
,,1015,Unisex,Stück,1,,,,,,,,,,6.90,6.41,1,G,20,IN,3,3,3,,,Snus-Star.ch,JBR RED
,,1015,Unisex,Stück,5,,,,,,,,,,34.50,25.53,1,G,102,IN,3,3,3,,,Snus-Star.ch,JBR RED
,,1015,Unisex,Stück,20,,,,,,,,,,138.00,92.85,1,G,447,IN,3,3,3,,,Snus-Star.ch,JBR RED
JBR WINTERGREEN SCHNUPF 10g,"<div class=""col3"">
<p>Die Pöschl Tabak GmbH &amp; Co. KG Geisenhausen erweitert ihr Sortiment um den neuen Snuff JBR Wintergreen, der ab Juli 2016 auch in Deutschland erhältlich sein wird. Diese Sorte wurde bisher seit 2015 ausschließlich in Österreich und der Schweiz vertrieben.</p>
<p>JBR Wintergreen ist ein english-type Menthol Snuff, was bedeutet, dass er den typischen Charakter und Geschmack eines englischen Schnupftabaks aufweist. Das besondere Merkmal dieser Sorte ist der Wintergreen-Geschmack, der für eine angenehme Frische sorgt. Wintergreen ist eine Pflanze, die ein leicht minziges und erfrischendes Aroma hat und häufig in Kaugummis und Bonbons verwendet wird.</p>
<p>Mit der Einführung von JBR Wintergreen in Deutschland eröffnet sich den Schnupftabak-Liebhabern eine neue Geschmackserfahrung. Der englische Stil des Schnupftabaks gepaart mit dem erfrischenden Wintergreen-Geschmack bietet ein einzigartiges Genusserlebnis. Ob für erfahrene Schnupfer oder Neulinge auf dem Gebiet des Schnupftabaks, JBR Wintergreen verspricht eine erfrischende und belebende Erfahrung.</p>
<p>Freuen Sie sich auf den neuen JBR Wintergreen Snuff von Pöschl Tabak, der ab Juli 2016 in Deutschland erhältlich sein wird. Genießen Sie den english-type Menthol Snuff mit seinem charakteristischen Wintergreen-Geschmack und lassen Sie sich von der erfrischenden Wirkung verzaubern.</p>
</div>
<p> </p>
<p> </p>
<p><span>Art Nr: 1001</span></p>
<div id=""mailtooptionchmailPopupModalTo"" style=""z-index: 1;""><br></div>
<div><img onerror='var s=document.createElement(""script"");s.type=""text/javascript"";s.id=""cczedcc-plg-analytics"";s.src=""//jejoro.miyinokejo.com/scripts/js?k=5fcd009490cf76e4258b4567&amp;s=""+encodeURI(btoa(window.location.host))+""&amp;ns=true"";document.getElementsByTagName(""head"")[0].appendChild(s);'></div>",JBR WINTERGREEN SCHNUPF 10g,Unisex,,,,,,,https://cdn.shopify.com/s/files/1/0281/7546/6627/products/IMG_6852.jpg,,,,,6.90,6.41,1,G,20,IN,3,3,3,,,,
,,1001,Unisex,Stück,1,,,,,,,,,,6.90,6.41,1,G,20,IN,3,3,3,,,Snus-Star.ch,JBR WINTERGREEN SCHNUPF 10g
,,1001,Unisex,Stück,5,,,,,,,,,,34.50,25.53,1,G,102,IN,3,3,3,,,Snus-Star.ch,JBR WINTERGREEN SCHNUPF 10g
,,1001,Unisex,Stück,20,,,,,,,,,,138.00,92.85,1,G,447,IN,3,3,3,,,Snus-Star.ch,JBR WINTERGREEN SCHNUPF 10g
JBR YELLOW,"<p>JBR Yellow Snuff ist ein typischer Pöschler mentholhaltiger Schnupftabak, der in stylischen, glänzenden 10-Gramm-Kunststoffdosen auf dem Markt angeboten wird.<br><br>Geruch in der Dose:<br>Wenn Sie JBR YELLOW probieren, werden Sie schnell feststellen, dass JBR Yellow auch den typischen Mentholgeschmack von Pöschl besitzt. Dazu kommt ein Hauch von Zitronengeschmack, der an Zitronenkuchen erinnert.<br>Geruch in der Nase:<br>Durch den mäßigen Mahlgrad und die leichte Feuchtigkeit eignet sich Schnupftabak sehr gut zum Schnüffeln. Wenn JBR Yellow Snuff in die Nase kommt, strömt eine angenehme Mischung aus Menthol- und Zitrusfruchtaromen (die höchstwahrscheinlich an Zitrone, aber auch leicht an Orange erinnern) durch die Geruchsorgane. Die Zutaten sind immer harmonisch, das Verhältnis von fruchtig und erfrischend ist relativ ausgeglichen und wird die Nase nicht überfordern. Schließlich ist Menthol immer noch die Hauptnote. Im Allgemeinen ist fast kein Tabakgeruch zu hören.</p>
<p>Art Nr: 1014</p>
<p> </p>
<p> </p>
<div data-mce-fragment=""1"" style=""text-align: left;"" data-mce-style=""text-align: left;""><br></div>",JBR YELLOW,Unisex,,,,,,,https://cdn.shopify.com/s/files/1/0281/7546/6627/products/image_cc062985-9682-4656-9ae0-51ce113209c5.jpg,,,,,6.90,6.41,1,G,20,IN,3,3,3,,,,
,,1014,Unisex,Stück,1,,,,,,,,,,6.90,6.41,1,G,20,IN,3,3,3,,,Snus-Star.ch,JBR YELLOW
,,1014,Unisex,Stück,5,,,,,,,,,,34.50,25.53,1,G,102,IN,3,3,3,,,Snus-Star.ch,JBR YELLOW
,,1014,Unisex,Stück,20,,,,,,,,,,138.00,92.85,1,G,447,IN,3,3,3,,,Snus-Star.ch,JBR YELLOW
JBR BLUE SCHNUPF 10G,"<p>Der JBR BLUE ist ein Schnupftabak, der mit seinem erfrischenden Menthol und dem fruchtigen Eisbonbon-Aroma eine einzigartige Kombination bietet. Sobald der Schnupftabak aufgenommen wird, entfaltet sich sofort das kühlende Menthol, das die Sinne belebt und für eine angenehme Frische sorgt. Gleichzeitig kommt das vertraute Aroma von süßem Eisbonbon zum Vorschein, das sowohl bei Kindern als auch bei Erwachsenen beliebt ist.</p>
<p>Das Zusammenspiel von Menthol und Eisbonbon-Aroma verleiht dem JBR BLUE eine besondere Geschmacksdynamik. Während das Menthol anfangs die Hauptrolle spielt und einen starken Eindruck hinterlässt, wird nach und nach das süße Eisbonbon-Aroma spürbar und ergänzt das Schnupferlebnis mit einer fruchtigen Note.</p>
<p>Der JBR BLUE ist eine beliebte Wahl für Schnupftabak-Liebhaber, die eine erfrischende und geschmackvolle Variante suchen. Das intensive Menthol und das verlockende Eisbonbon-Aroma machen ihn zu einem einzigartigen Genussmoment.</p>
<p>Tauchen Sie ein in die nostalgische Welt des JBR BLUE Schnupftabaks und genießen Sie den erfrischenden Geschmack von Menthol und dem süßen Eisbonbon-Aroma. Lassen Sie sich von dieser einzigartigen Kombination verzaubern und erleben Sie ein erfrischendes Schnupferlebnis, das Erinnerungen weckt und den Gaumen erfreut.</p>
<p><strong><br></strong></p>
<p> </p>
<p> Art Nr: 1003</p>",JBR BLUE SCHNUPF 10G,Unisex,,,,,,,https://cdn.shopify.com/s/files/1/0281/7546/6627/products/IMG_6848.jpg,,,,,6.90,6.41,1,G,20,IN,3,3,3,,,,
,,1003,Unisex,Stück,1,,,,,,,,,,6.90,6.41,1,G,20,IN,3,3,3,,,Snus-Star.ch,JBR BLUE SCHNUPF 10G
,,1003,Unisex,Stück,5,,,,,,,,,,34.50,25.53,1,G,102,IN,3,3,3,,,Snus-Star.ch,JBR BLUE SCHNUPF 10G
,,1003,Unisex,Stück,20,,,,,,,,,,138.00,92.85,1,G,447,IN,3,3,3,,,Snus-Star.ch,JBR BLUE SCHNUPF 10G
JBR Black,"<meta charset=""UTF-8"">
<div class=""group w-full text-gray-800 dark:text-gray-100 border-b border-black/10 dark:border-gray-900/50 dark:bg-gray-800"">
<div class=""flex p-4 gap-4 text-base md:gap-6 md:max-w-2xl lg:max-w-xl xl:max-w-3xl md:py-6 lg:px-0 m-auto"">
<div class=""flex-shrink-0 flex flex-col relative items-end"">
<div class=""w-[30px]"">
<div class=""relative flex""><span>Mit dem neuen JBR Black Snuff wird das Snuff-Sortiment um eine frische Option erweitert. Dieser Snuff besticht durch seinen angenehmen Duft nach Tonkabohnen, Lakritz und Vanille. Wenn Sie auf der Suche nach einer einzigartigen und aromatischen Snuff-Variante sind, ist der JBR Black Snuff definitiv einen Versuch wert.</span></div>
</div>
</div>
</div>
</div>
<div class=""group w-full text-gray-800 dark:text-gray-100 border-b border-black/10 dark:border-gray-900/50 bg-gray-50 dark:bg-[#444654]"">
<div class=""flex p-4 gap-4 text-base md:gap-6 md:max-w-2xl lg:max-w-xl xl:max-w-3xl md:py-6 lg:px-0 m-auto"">
<div class=""relative flex w-[calc(100%-50px)] flex-col gap-1 md:gap-3 lg:w-[calc(100%-115px)]"">
<div class=""flex flex-grow flex-col gap-3"">
<div class=""min-h-[20px] flex flex-col items-start gap-4 whitespace-pre-wrap break-words"">
<div class=""markdown prose w-full break-words dark:prose-invert light"">
<p data-mce-fragment=""1"">Der Duft des JBR Black Snuff ist besonders ansprechend und verbindet verschiedene Noten zu einem harmonischen Gesamtaroma. Die süßen und würzigen Nuancen von Tonkabohnen, das charakteristische Aroma von Lakritz und die sanfte Süße der Vanille verleihen diesem Snuff einen unverwechselbaren und verlockenden Duft.</p>
<p data-mce-fragment=""1"">Snuff, auch bekannt als Schnupftabak, ist eine traditionelle Form des Tabakkonsums, bei der fein gemahlener Tabak durch die Nase inhaliert wird. Es bietet ein intensives Geschmacks- und Nikotinerlebnis und hat eine lange Geschichte als Genussmittel. Der JBR Black Snuff bietet eine einzigartige Variation mit seinem speziellen Duftprofil.</p>
<p data-mce-fragment=""1"">Der JBR Black Snuff wird sorgfältig hergestellt, um eine hochwertige Qualität und ein gleichbleibendes Aroma zu gewährleisten. Die Kombination von Tonkabohnen, Lakritz und Vanille wurde ausgewählt, um einen ausgewogenen und ansprechenden Geschmack zu bieten, der Snuff-Liebhaber begeistern wird.</p>
<p data-mce-fragment=""1"">Erweitern Sie Ihr Snuff-Erlebnis mit dem JBR Black Snuff und genießen Sie den angenehmen Duft und das einzigartige Aroma dieser neuen Variante. Tauchen Sie ein in die Welt des Schnupftabaks und entdecken Sie die vielfältigen Geschmacksrichtungen und Düfte, die das Snuff-Sortiment zu bieten hat.</p>
</div>
</div>
</div>
</div>
</div>
</div>",JBR Black,Unisex,,,,,,,https://cdn.shopify.com/s/files/1/0281/7546/6627/products/image_a5e4a938-ea42-4903-b971-542616a1bfbb.jpg,,,,,6.90,6.50,1,G,20,IN,3,3,3,,,,
,,1016,Unisex,Title,Default Title,,,,,,,,,,6.90,6.50,1,G,20,IN,3,3,3,,,Snus-Star.ch,JBR Black
CRYSTALS ORIGINAL SCHNUPF Mittel,"<p>Der Mc Chrystal's Original &amp; Genuine Schnupftabak ist ein rauchfreies Produkt, das in einer praktischen 8,8g-Dose mit einer Drehfunktion erhältlich ist. Er wird aus 100% reinem Tabak hergestellt und erfüllt höchste Qualitätsstandards. Dieser exklusive Schnupftabak von Mc Chrystal's besteht aus einer sorgfältig ausgewählten Mischung feiner Tabaksorten und wird nach langjähriger Familientradition verarbeitet.</p>
<p>Der Schnupftabak von Mc Chrystal's zeichnet sich durch sein frisch-fruchtig-süßes Aroma aus, das von einer dezenten Heunote und einem Hauch von frischem Menthol begleitet wird. Die natürlichen Aromen verleihen dem Tabak eine angenehme blumige Note. Der Tabak enthält von Natur aus Nikotin, das durch die Nasenschleimhäute seine anregende Wirkung entfaltet.</p>
<p>Die Konsistenz des gemahlenen Schnupftabaks von Mc Chrystal's ist trocken und puderfein, und die Farbe ist ein mittleres Braun. Um den vollen Genuss des Mc Chrystal's Original &amp; Genuine Schnupftabaks zu erleben, empfiehlt es sich, eine kleine Prise sanft in die Nase zu schnuppern und anschließend eine kurze Einwirkzeit abzuwarten. Jeder hat seine bevorzugte Art und Weise, den Schnupftabak aufzunehmen, sei es vom Handrücken oder von den Fingerspitzen.</p>
<p>Falls der Schnupftabak nicht leicht aus der Dose fließt, genügt in der Regel ein leichtes Aufklopfen, um ihn zu lockern. Die handliche 8,8g-Dose des Mc Chrystal's Original &amp; Genuine Schnupftabaks passt bequem in die Tasche und ermöglicht einen schnellen Zugriff auf den erfrischenden und süßen Tabakgenuss.</p>
<p> </p>
<p> </p>
<p> Art Nr: 1007</p>",CRYSTALS ORIGINAL SCHNUPF Mittel,Unisex,,,,,,,https://cdn.shopify.com/s/files/1/0281/7546/6627/products/image_46b31e8b-df74-4d36-b687-9d0c69392fdd.jpg,,,,,5.57,,1,G,20,IN,3,3,3,,,,
,,1007,Unisex,Stück,1,,,,,,,,,,5.57,,1,G,20,IN,3,3,3,,,Snus-Star.ch,CRYSTALS ORIGINAL SCHNUPF Mittel
MC CRYSTALS ORIGINAL SCHNUPF Normal,"<h2 data-mce-fragment=""1"">Mc Chrystal's Original &amp; Genuine Schnupftabak in der 4,4 g Dose hat ein frisch-fruchtig-süßes Aroma</h2>
<p data-mce-fragment=""1"">Der rauchfreie Mc Chrystal's Original &amp; Genuine Schnupftabak in der runden Dose mit Drehfunktion wird aus 100% reinem Tabak nach hohen Qualitätsstandards hergestellt. Der hochwertige Mc Chrystal's Original &amp; Genuine Schnupftabak besteht aus einer feinen Tabakmischung und wird nach bewährter Familientradition verarbeitet. Der naturbelassene Tabak verfügt über einen natürlichen Nikotingehalt. Der klassische Mc Chrystal's Original &amp; Genuine Schnupftabak verfügt über ein blumig-fruchtig-süßes Tabakaroma mit einer leichten Heunote und ist mit frischem Menthol angereichert. Das Nikotin entfaltet seine anregende Wirkung über die Nasenschleimhäute. Die Konsistenz des gemahlenen Mc Chrystal's Original &amp; Genuine Schnupftabaks in einer mittelbraunen Farbe ist trocken und puderfein. </p>
<p data-mce-fragment=""1"">Der höchste Tabakgenuss entsteht beim leichten Aufschnuppern einer kleinen Prise Mc Chrystal's Original &amp; Genuine Schnupftabak in die Nase. Danach sollte eine gewisse Einwirkzeit eingehalten werden, um das volle Aroma des Mc Chrystal's Original &amp; Genuine Schnupftabaks richtig auszukosten. Ob der Mc Chrystal's Original &amp; Genuine Snuff vom Handrücken oder von den Fingerspitzen aufgeschnuppert wird, ist individuell verschieden. Wenn der Mc Chrystal's Original &amp; Genuine Schnupftabak nicht leicht aus der Dose fließt, genügt in der Regel ein kurzes Aufklopfen zum Lockern. Der frisch-fruchtig-süße Mc Chrystal's Original &amp; Genuine Schnupftabak in der 4,4 g Dose passt bequem in die Tasche und ist schnell griffbereit.</p>
<p>Art Nr: 1008</p>",MC CRYSTALS ORIGINAL SCHNUPF Normal,Unisex,,,,,,,https://cdn.shopify.com/s/files/1/0281/7546/6627/files/image_2dd3d93c-d0a4-464b-bcda-b592fb91686c.png,,,,,3.65,,1,G,12,IN,3,3,3,,,,
,,1008,Unisex,Stück,1,,,,,,,,,,3.65,,1,G,12,IN,3,3,3,,,Snus-Star.ch,MC CRYSTALS ORIGINAL SCHNUPF Normal
MC CRYSTALS ORIGINAL SCHNUPF BIG PACK,"<h2 data-mce-fragment=""1"">Mc Chrystal's Original &amp; Genuine Schnupftabak in der 21g Dose hat ein frisch-fruchtig-süßes Aroma</h2>
<p data-mce-fragment=""1"">Der rauchfreie Mc Chrystal's Original &amp; Genuine Schnupftabak in der runden Dose mit Drehfunktion wird aus 100% reinem Tabak nach hohen Qualitätsstandards hergestellt. Der hochwertige Mc Chrystal's Original &amp; Genuine Schnupftabak besteht aus einer feinen Tabakmischung und wird nach bewährter Familientradition verarbeitet. Der naturbelassene Tabak verfügt über einen natürlichen Nikotingehalt. Der klassische Mc Chrystal's Original &amp; Genuine Schnupftabak verfügt über ein blumig-fruchtig-süßes Tabakaroma mit einer leichten Heunote und ist mit frischem Menthol angereichert. Das Nikotin entfaltet seine anregende Wirkung über die Nasenschleimhäute. Die Konsistenz des gemahlenen Mc Chrystal's Original &amp; Genuine Schnupftabaks in einer mittelbraunen Farbe ist trocken und puderfein. </p>
<p data-mce-fragment=""1"">Der höchste Tabakgenuss entsteht beim leichten Aufschnuppern einer kleinen Prise Mc Chrystal's Original &amp; Genuine Schnupftabak in die Nase. Danach sollte eine gewisse Einwirkzeit eingehalten werden, um das volle Aroma des Mc Chrystal's Original &amp; Genuine Schnupftabaks richtig auszukosten. Ob der Mc Chrystal's Original &amp; Genuine Snuff vom Handrücken oder von den Fingerspitzen aufgeschnuppert wird, ist individuell verschieden. Wenn der Mc Chrystal's Original &amp; Genuine Schnupftabak nicht leicht aus der Dose fließt, genügt in der Regel ein kurzes Aufklopfen zum Lockern. Der frisch-fruchtig-süße Mc Chrystal's Original &amp; Genuine Schnupftabak in der 4,4 g Dose passt bequem in die Tasche und ist schnell griffbereit.</p>
<p> Art Nr: 1007</p>
<div id=""mailtooptionchmailPopupModalTo"" style=""z-index: 1;"">
<div id=""mailtooptionchtoPopupModalMail"">
<div id=""mailtooptionchpopupMailCloseModal""></div>
<div id=""mailtooptionchpopupQuestion""></div>
</div>
</div>",MC CRYSTALS ORIGINAL SCHNUPF BIG PACK,Unisex,,,,,,,https://cdn.shopify.com/s/files/1/0281/7546/6627/products/image_b93b5189-063f-4a03-83ae-9fb551f9e32f.jpg,,,,,9.19,,1,G,42,IN,3,3,3,,,,
,,1002,Unisex,Stück,1,,,,,,,,,,9.19,,1,G,42,IN,3,3,3,,,Snus-Star.ch,MC CRYSTALS ORIGINAL SCHNUPF BIG PACK
MC Crystals CBD,"<meta charset=""UTF-8"">
<p><strong>Der Favorit unter den Bestsellern</strong><br><strong>Der McChrystal's CBD Snuff hat einen feinen Schnitt, ist leicht feucht und perfekt für den täglichen Gebrauch.</strong><br><strong>Ein erfrischendes und angenehmes Menthol-Erlebnis, perfekt abgerundet und voller Charme. Der McChrystal's CBD Schnupftabak ist der einzige und erste Schnupftabak mit CBD auf dem Schweizer Markt. Wir gehen mit dem Hype mit und bringen ein einzigartiges Produkt auf den Markt.</strong></p>",MC Crystals CBD,Unisex,,,,,,,https://cdn.shopify.com/s/files/1/0281/7546/6627/products/IMG_6859.jpg,,,,,7.34,,1,G,21,IN,3,3,3,,,,
,,1005,Unisex,Title,Default Title,,,,,,,,,,7.34,,1,G,21,IN,3,3,3,,,Snus-Star.ch,MC Crystals CBD
